{"cameraMode":{"drawMode":0,"name":"Shaded","section":"Shading Mode"},"sceneLighting":false,"audioPlay":false,"sceneViewState":{"m_AlwaysRefresh":false,"showFog":true,"showSkybox":false,"showFlares":true,"showImageEffects":true,"showParticleSystems":true,"showVisualEffectGraphs":true,"m_FxEnabled":true},"in2DMode":false,"pivot":{"x":-1.0399999618530274,"y":1.0199999809265137,"z":30.100000381469728},"rotation":{"x":-0.24625790119171143,"y":-0.003298967843875289,"z":0.000834145350381732,"w":-0.9692341685295105},"size":1.8247449398040772,"orthographic":false}